USER_ID,NAME,AGE
1,Brian,48
2,Daniel,37
3,Zoe,56
4,Michael,61
5,Joshua,60
6,Jane,20
7,Jessica,63
8,Alice,52
9,Jason,26
10,Steven,52
11,Richard,51
12,Hannah,22
13,Charles,65
14,Steven,36
15,Adam,70
16,Alice,23
17,Justin,49
18,Emily,41
19,Olivia,55
20,Justin,25
21,John,41
22,Sophia,58
23,Ruby,43
24,Eric,35
25,David,32
26,Daniel,49
27,Mark,31
28,Ryan,38
29,Benjamin,22
30,Jason,45
31,John,36
32,Zoe,21
33,Chloe,28
34,Nathan,27
35,Nathan,42
36,Anna,63
37,Chloe,42
38,Andrew,47
39,James,22
40,Adam,63
41,Mark,46
42,Charles,59
43,Scott,18
44,Grace,48
45,Abigail,51
46,Joshua,45
47,Scott,23
48,Adam,30
49,David,31
50,John,48
51,James,62
52,Ruby,32
53,Abigail,32
54,Chloe,35
55,Chloe,66
56,Ryan,58
57,Matthew,29
58,Steven,39
59,Nathan,33
60,Steven,68
61,Michael,56
62,John,37
63,Mark,29
64,Chris,41
65,Benjamin,48
66,Ruby,66
67,Joshua,35
68,Matthew,24
69,Thomas,38
70,Victoria,36
71,James,51
72,Hannah,23
73,Mia,51
74,Lily,36
75,Jason,60
76,Ruby,49
77,Chloe,64
78,Ruby,36
79,Jessica,54
80,Ava,48
81,Brian,34
82,Victoria,30
83,Ryan,37
84,Jessica,26
85,Kevin,57
86,Chloe,58
87,Sarah,68
88,Brian,64
89,Robert,55
90,Paul,49
91,Alice,49
92,Robert,66
93,Chloe,64
94,Sophie,43
95,David,63
96,Benjamin,49
97,Victoria,18
98,Olivia,43
99,Grace,66
100,Grace,39
101,Ella,48
102,Sarah,47
103,Chris,39
104,Mark,54
105,Richard,32
106,Paul,66
107,Eric,63
108,Richard,49
109,Jessica,69
110,Kevin,50
111,Ruby,58
112,Richard,26
113,Eva,61
114,Richard,27
115,Scott,32
116,Ella,19
117,Abigail,47
118,Charles,68
119,Richard,66
120,Laura,29
121,Charles,37
122,Andrew,62
123,Hannah,28
124,Megan,49
125,Robert,26
126,Andrew,39
127,Mia,45
128,Sophia,59
129,Grace,29
130,Victoria,45
131,Steven,47
132,Jessica,61
133,Jane,26
134,Alice,59
135,Paul,44
136,Maya,28
137,Mark,37
138,Victoria,54
139,Ava,39
140,Sophia,60
141,Sophia,26
142,Steven,34
143,Paul,56
144,Ryan,50
145,Ella,52
146,Anna,34
147,James,57
148,Sophia,51
149,Eric,38
150,Anna,52
151,Ruby,26
152,Matthew,22
153,Scott,38
154,Olivia,18
155,Jason,27
156,Thomas,20
157,Lily,30
158,Ella,35
159,Maya,69
160,Alice,51
161,Matthew,44
162,Chloe,65
163,Brian,50
164,Eric,30
165,Grace,47
166,Mia,60
167,Jason,43
168,Scott,27
169,Zoe,64
170,Chloe,33
171,Paul,65
172,Grace,37
173,Jessica,54
174,Justin,58
175,Steven,26
176,Anna,22
177,Ryan,58
178,Megan,43
179,Matthew,61
180,Matthew,61
181,Justin,47
182,Grace,40
183,Abigail,28
184,Eric,70
185,Isabella,62
186,Hannah,40
187,Ella,43
188,Mark,21
189,Jessica,57
190,Chloe,26
191,Chris,40
192,James,50
193,Paul,21
194,Isabella,33
195,Eric,68
196,Mia,20
197,Michael,39
198,Chris,70
199,Emily,30
200,Ryan,22
201,Zoe,36
202,Laura,66
203,Brian,41
204,Joshua,70
205,Ruby,22
206,Paul,36
207,Kevin,54
208,Lily,29
209,David,48
210,Sophie,19
211,Richard,40
212,Kevin,58
213,Scott,67
214,Daniel,41
215,Andrew,69
216,Emily,55
217,Eva,44
218,Jane,39
219,Victoria,27
220,Anna,41
221,Abigail,51
222,Ava,21
223,Victoria,26
224,Eric,53
225,Lily,38
226,Ryan,54
227,Thomas,34
228,Eva,68
229,Richard,64
230,Maya,63
231,Matthew,40
232,Sarah,43
233,Isabella,34
234,Mia,56
235,Abigail,28
236,Daniel,48
237,Ava,62
238,Kevin,61
239,Mark,41
240,Isabella,38
241,Daniel,47
242,Maya,50
243,Brian,69
244,Eva,18
245,Ella,68
246,Grace,44
247,Joshua,28
248,Sarah,30
249,Joshua,54
250,Lily,56
251,Adam,22
252,Emma,59
253,Justin,54
254,Sophia,54
255,Mia,32
256,Mark,18
257,Chris,67
258,Anna,36
259,Jason,67
260,Paul,31
261,Eva,20
262,Jason,35
263,Lily,46
264,Benjamin,49
265,Michael,34
266,Benjamin,20
267,Adam,48
268,Chloe,19
269,Michael,30
270,Joshua,37
271,Kevin,33
272,Megan,54
273,Chloe,28
274,John,32
275,Michael,33
276,Jane,57
277,Anna,39
278,Eva,48
279,Alice,36
280,Jane,62
281,Charles,57
282,Ava,50
283,Ella,49
284,Chloe,38
285,Steven,37
286,Ella,29
287,Lily,36
288,Jason,61
289,Matthew,56
290,Ryan,50
291,Paul,34
292,Daniel,52
293,Eric,33
294,Sophia,49
295,Anna,69
296,Emma,39
297,Sophia,67
298,Chris,55
299,Emma,26
300,Alice,65
301,Joshua,62
302,Chris,50
303,John,29
304,Anna,35
305,Victoria,28
306,Victoria,65
307,Olivia,46
308,Chris,24
309,Ella,65
310,Charles,40
311,Megan,42
312,Anna,40
313,Mia,66
314,Sophia,36
315,Kevin,57
316,Jason,44
317,Jane,53
318,Anna,50
319,Emma,52
320,Thomas,42
321,Richard,62
322,Zoe,34
323,Justin,65
324,Brian,62
325,Kevin,36
326,Charles,47
327,Sophia,21
328,Ryan,50
329,Ruby,42
330,Sarah,62
331,Anna,53
332,Eric,50
333,Lily,40
334,Justin,30
335,Eric,18
336,Sarah,70
337,Laura,49
338,Ruby,46
339,Mia,19
340,Paul,19
341,Ella,67
342,Mia,43
343,Abigail,64
344,Hannah,26
345,Ryan,44
346,Michael,34
347,Abigail,38
348,Andrew,20
349,Daniel,41
350,Ella,23
351,Zoe,46
352,Megan,44
353,Ruby,53
354,Jason,53
355,Chloe,50
356,Scott,55
357,Jason,23
358,Kevin,47
359,Anna,55
360,Benjamin,67
361,Joshua,61
362,Grace,20
363,Sophie,56
364,Joshua,54
365,Alice,25
366,Steven,30
367,Benjamin,49
368,Eva,64
369,Chris,39
370,James,62
371,Victoria,64
372,Ava,59
373,Mia,40
374,Sarah,20
375,Ava,19
376,Charles,26
377,Andrew,41
378,Emma,65
379,Sarah,69
380,Mark,50
381,Paul,46
382,Hannah,67
383,Maya,67
384,Jason,19
385,Isabella,54
386,Hannah,20
387,Justin,58
388,Daniel,43
389,Laura,69
390,Mark,61
391,Jason,69
392,Eric,62
393,Benjamin,64
394,Anna,37
395,Brian,63
396,Brian,69
397,Chloe,51
398,Grace,57
399,Kevin,44
400,Lily,24
401,David,63
402,Chris,50
403,James,22
404,Maya,61
405,Abigail,26
406,Ava,39
407,Sophie,60
408,Mia,39
409,Abigail,35
410,Grace,64
411,Ella,44
412,Michael,36
413,Victoria,43
414,Adam,64
415,Robert,61
416,Richard,24
417,Hannah,34
418,Ryan,64
419,Alice,20
420,Zoe,60
421,Hannah,36
422,Ava,48
423,James,22
424,Jessica,49
425,Ella,60
426,Ella,53
427,Isabella,31
428,Thomas,40
429,Jessica,22
430,Laura,64
431,Ryan,66
432,Sarah,36
433,Mia,57
434,Paul,60
435,Ruby,67
436,Brian,44
437,Mia,45
438,Victoria,22
439,Kevin,64
440,Chloe,65
441,Zoe,32
442,Robert,69
443,Andrew,44
444,Steven,40
445,Lily,22
446,Hannah,50
447,Richard,33
448,Alice,23
449,Ruby,20
450,Daniel,19
451,Emma,46
452,Lily,37
453,Nathan,41
454,Andrew,38
455,Charles,65
456,Thomas,46
457,Chris,47
458,Chris,20
459,Sophia,69
460,Anna,39
461,Eva,25
462,Adam,53
463,Megan,60
464,Charles,48
465,Ella,56
466,Paul,63
467,Benjamin,53
468,Kevin,25
469,Paul,61
470,Jane,48
471,Kevin,47
472,Nathan,56
473,Ava,70
474,Justin,41
475,Scott,25
476,Eva,53
477,Zoe,65
478,Ruby,56
479,Brian,25
480,Ava,23
481,Eva,51
482,Alice,60
483,Sophie,62
484,Victoria,36
485,James,58
486,Ella,27
487,Justin,21
488,Jessica,29
489,Mia,27
490,Joshua,52
491,Charles,27
492,David,22
493,Robert,49
494,Megan,49
495,Michael,45
496,Brian,46
497,Sophie,43
498,Mia,26
499,Eric,19
500,Ella,41
501,Jessica,48
502,Sophia,61
503,Ava,30
504,Abigail,21
505,Joshua,54
506,Isabella,47
507,Emily,48
508,Nathan,69
509,Benjamin,58
510,James,41
511,Thomas,21
512,Benjamin,36
513,Eva,28
514,Emily,68
515,Sophie,59
516,Eric,67
517,Abigail,58
518,Daniel,65
519,Olivia,58
520,Richard,33
521,Abigail,36
522,Jane,65
523,Grace,63
524,Maya,55
525,Victoria,63
526,Joshua,40
527,Grace,50
528,Andrew,25
529,Adam,45
530,Jessica,32
531,Ryan,26
532,Daniel,51
533,Justin,45
534,John,70
535,Chloe,37
536,Abigail,46
537,Lily,21
538,James,28
539,Maya,19
540,Nathan,23
541,Sophie,67
542,Mark,31
543,Ryan,66
544,Adam,23
545,Joshua,29
546,Anna,18
547,Megan,19
548,Charles,66
549,Emily,62
550,Joshua,65
551,Anna,41
552,Megan,47
553,Daniel,34
554,Ella,69
555,Abigail,57
556,Jessica,32
557,Robert,37
558,Victoria,67
559,Ruby,32
560,Hannah,61
561,Laura,61
562,Andrew,42
563,Andrew,48
564,Megan,70
565,Paul,53
566,Maya,26
567,Ava,40
568,David,67
569,Grace,48
570,Eric,65
571,Nathan,60
572,Kevin,21
573,Emma,40
574,James,38
575,Maya,23
576,Grace,45
577,Daniel,55
578,Ryan,70
579,Chris,21
580,Michael,44
581,Brian,66
582,Mia,60
583,John,36
584,Sophie,48
585,Andrew,19
586,Sophie,60
587,Benjamin,46
588,Olivia,44
589,Jason,65
590,Laura,24
591,Mia,20
592,Jane,30
593,Alice,30
594,Adam,34
595,Lily,37
596,Richard,58
597,Nathan,60
598,Laura,54
599,Sophia,62
600,Kevin,25
601,Kevin,53
602,Maya,20
603,Benjamin,33
604,Paul,56
605,Nathan,18
606,Sarah,44
607,Steven,40
608,Benjamin,57
609,Mark,28
610,Jason,34
611,Brian,26
612,Ella,53
613,Eva,45
614,Joshua,30
615,David,36
616,Joshua,24
617,Alice,53
618,Nathan,47
619,Andrew,66
620,Andrew,36
621,David,39
622,Hannah,56
623,Kevin,24
624,Matthew,67
625,Hannah,43
626,Hannah,48
627,Olivia,69
628,Zoe,50
629,Scott,56
630,Eric,63
631,Brian,44
632,Zoe,34
633,Abigail,25
634,Eric,51
635,Chloe,20
636,Andrew,33
637,Paul,28
638,Grace,42
639,Daniel,51
640,Michael,26
641,Sophie,47
642,Adam,32
643,Justin,46
644,Olivia,60
645,Benjamin,28
646,Paul,40
647,Zoe,60
648,Thomas,66
649,Matthew,64
650,Adam,23
651,John,34
652,Mia,67
653,Ryan,32
654,Eva,42
655,Scott,63
656,Richard,51
657,Chloe,67
658,Michael,70
659,Robert,46
660,Olivia,67
661,Emma,42
662,Thomas,29
663,Chris,25
664,Jessica,66
665,Mark,28
666,Michael,58
667,Matthew,50
668,Ella,28
669,David,66
670,Victoria,60
671,Andrew,29
672,Emma,59
673,Abigail,19
674,Olivia,53
675,Daniel,44
676,Sarah,31
677,Victoria,59
678,Olivia,68
679,Anna,69
680,Adam,22
681,Ryan,67
682,Laura,65
683,David,27
684,Matthew,56
685,Jessica,49
686,Emily,67
687,Ella,48
688,Justin,68
689,Anna,35
690,Grace,70
691,Justin,65
692,Jessica,57
693,Andrew,23
694,Mark,42
695,Matthew,57
696,John,57
697,Thomas,32
698,Megan,64
699,Eric,45
700,John,47
701,Maya,65
702,Ava,54
703,James,21
704,Mark,64
705,Nathan,47
706,Robert,31
707,Mia,22
708,Matthew,20
709,Eric,69
710,Mia,66
711,Abigail,69
712,Michael,66
713,Megan,43
714,Andrew,20
715,Matthew,25
716,Nathan,41
717,Abigail,53
718,Olivia,32
719,Hannah,22
720,Benjamin,60
721,Andrew,58
722,Benjamin,66
723,Sarah,56
724,Justin,56
725,Nathan,69
726,Ryan,56
727,Emily,37
728,Robert,46
729,Matthew,29
730,Anna,48
731,Isabella,58
732,Sophie,49
733,Eva,40
734,Andrew,46
735,Paul,29
736,Andrew,18
737,Michael,28
738,Lily,68
739,Sarah,63
740,Megan,59
741,Zoe,68
742,Laura,31
743,Laura,40
744,Eva,57
745,Abigail,47
746,Sophie,50
747,Matthew,51
748,Eva,22
749,Steven,62
750,Ella,39
751,Megan,57
752,Eric,59
753,Mark,55
754,Charles,24
755,Brian,30
756,Emily,45
757,Zoe,45
758,Ella,35
759,Scott,35
760,Sophia,31
761,Isabella,51
762,Abigail,66
763,Steven,48
764,Thomas,47
765,Charles,28
766,Eric,31
767,Laura,60
768,Emma,56
769,Mark,50
770,Eric,67
771,David,36
772,Zoe,52
773,Scott,36
774,Laura,32
775,Paul,67
776,Eric,18
777,Justin,50
778,Scott,39
779,Adam,41
780,Ryan,39
781,Richard,55
782,Benjamin,53
783,Jessica,59
784,Jane,20
785,Ella,21
786,John,40
787,Thomas,56
788,Jason,27
789,Scott,27
790,Isabella,19
791,Grace,19
792,Matthew,29
793,Isabella,23
794,Victoria,36
795,Mia,62
796,Mia,23
797,Kevin,38
798,Joshua,21
799,Megan,70
800,Justin,38
801,David,24
802,James,61
803,David,39
804,Megan,18
805,Anna,60
806,Benjamin,69
807,Justin,70
808,Emily,57
809,Anna,60
810,Emily,69
811,Ella,46
812,Thomas,18
813,Mia,68
814,Scott,48
815,Andrew,41
816,Emily,23
817,Hannah,61
818,Ruby,58
819,Charles,57
820,Matthew,54
821,Robert,45
822,James,58
823,Joshua,58
824,Grace,41
825,Joshua,34
826,Victoria,49
827,David,43
828,Kevin,39
829,Emma,68
830,Grace,60
831,Andrew,45
832,Jason,34
833,Charles,36
834,Steven,48
835,Ava,62
836,Benjamin,60
837,Grace,61
838,Richard,55
839,Mia,68
840,Zoe,66
841,Grace,45
842,Paul,53
843,Sophia,20
844,Chris,55
845,Emily,68
846,Sophie,28
847,Thomas,52
848,Eric,60
849,Paul,53
850,Mark,34
851,Hannah,55
852,Richard,50
853,Alice,21
854,Robert,33
855,Eva,42
856,Jessica,28
857,David,21
858,Matthew,56
859,Anna,49
860,Grace,66
861,John,19
862,Lily,54
863,Laura,38
864,Emily,66
865,Ella,66
866,Steven,31
867,Michael,32
868,James,21
869,Thomas,51
870,Daniel,42
871,Ella,45
872,Charles,63
873,Lily,53
874,Sarah,65
875,Adam,52
876,Sophia,48
877,Lily,62
878,Charles,31
879,Eric,36
880,Joshua,39
881,Ruby,42
882,John,32
883,Daniel,36
884,Sarah,23
885,Ryan,60
886,Megan,22
887,Brian,66
888,Eva,26
889,Joshua,22
890,Jessica,35
891,Olivia,51
892,Lily,40
893,John,30
894,Megan,44
895,David,67
896,Daniel,48
897,Thomas,43
898,Paul,21
899,Zoe,49
900,Victoria,39
901,Maya,53
902,Thomas,45
903,Jessica,60
904,Matthew,40
905,Victoria,18
906,Michael,29
907,John,70
908,Victoria,54
909,Ryan,51
910,Eva,54
911,Lily,40
912,Emma,66
913,Eva,32
914,Ryan,27
915,Jason,31
916,David,48
917,Zoe,41
918,Jane,50
919,Jason,68
920,Matthew,20
921,Isabella,22
922,Brian,23
923,Justin,52
924,Mark,68
925,Sophie,36
926,Megan,42
927,Nathan,58
928,James,55
929,Hannah,55
930,Chris,22
931,Ava,70
932,Sophia,48
933,David,47
934,Laura,33
935,Michael,64
936,Jane,28
937,Jane,23
938,Steven,58
939,Eva,30
940,Abigail,61
941,Charles,66
942,Ava,19
943,Lily,30
