Employee ID,First Name,Last Name,Age,Department,Salary,Date of Joining
1,Eve,Doe,43,HR,106229.52,2021-04-25
2,Bob,Smith,32,HR,61723.43,2020-07-18
3,Frank,Garcia,37,Sales,117220.15,2019-06-03
4,Charlie,Garcia,54,Sales,76581.21,2020-04-24
5,Eve,Miller,30,IT,107361.85,2016-05-15
6,Hank,Williams,27,Finance,55550.4,2017-12-24
7,Alice,Brown,37,IT,72908.31,2020-10-27
8,Eve,Miller,50,Finance,95960.98,2011-08-19
9,Frank,Jones,24,IT,51068.25,2011-12-30
10,Charlie,Brown,41,Marketing,50619.63,2013-09-27
11,Bob,Smith,57,Sales,117562.95,2022-04-20
12,Frank,Brown,40,HR,97167.61,2011-11-30
13,Frank,Williams,47,Finance,43285.4,2011-01-31
14,Alice,Brown,24,Finance,71905.67,2021-06-03
15,Diana,Smith,40,HR,74681.66,2021-12-09
16,Charlie,Williams,41,IT,99523.41,2016-11-07
17,Jane,Rodriguez,53,Finance,60068.84,2014-12-25
18,Frank,Garcia,28,Operations,54746.69,2011-12-19
19,Diana,Garcia,62,Marketing,46469.84,2017-08-14
20,Jane,Davis,54,Sales,74265.16,2019-10-18
21,Charlie,Rodriguez,61,HR,95079.99,2010-05-24
22,John,Rodriguez,60,Sales,44655.49,2018-08-07
23,Hank,Brown,39,Operations,113217.1,2022-04-19
24,Diana,Garcia,61,Finance,75388.18,2018-01-17
25,Grace,Smith,22,Finance,59182.99,2019-12-16
26,John,Johnson,32,Operations,47509.86,2018-10-28
27,Hank,Johnson,49,HR,54629.28,2013-03-13
28,Alice,Williams,46,Marketing,114769.12,2017-03-01
29,Eve,Garcia,44,Engineering,91061.65,2012-11-28
30,Bob,Garcia,52,HR,81335.7,2015-11-27
31,Grace,Johnson,51,Engineering,92568.91,2018-03-02
32,Alice,Garcia,63,Operations,74853.83,2019-01-08
33,Charlie,Brown,56,IT,98403.15,2022-12-13
34,Alice,Jones,28,Engineering,43817.29,2013-03-02
35,Eve,Doe,37,Marketing,85282.98,2012-01-03
36,Charlie,Rodriguez,47,IT,52691.72,2021-11-09
37,Grace,Davis,23,Engineering,49613.17,2012-08-11
38,Eve,Williams,22,Operations,67350.37,2016-12-14
39,Jane,Jones,33,IT,47343.93,2019-02-07
40,Bob,Johnson,26,Operations,47532.56,2019-01-15
41,Grace,Rodriguez,58,Engineering,64913.06,2014-03-23
42,Jane,Garcia,53,Operations,118360.84,2013-04-06
43,Hank,Davis,30,Marketing,54026.42,2018-03-13
44,Grace,Garcia,62,Engineering,41372.89,2017-05-05
45,Hank,Smith,56,Engineering,101069.15,2013-05-02
46,Charlie,Smith,40,Engineering,104553.04,2014-03-21
47,Jane,Davis,37,HR,67704.35,2018-11-11
48,Bob,Davis,24,HR,77173.91,2016-07-14
49,Eve,Johnson,41,HR,91981.89,2020-03-08
50,Frank,Davis,45,Marketing,43844.71,2013-10-20
51,Alice,Brown,54,IT,115931.66,2015-01-31
52,John,Garcia,45,Operations,110934.43,2013-09-27
53,Bob,Jones,32,Finance,60871.49,2011-05-15
54,Jane,Miller,29,Engineering,41224.36,2014-08-08
55,Frank,Davis,57,Operations,114674.9,2011-05-26
56,Bob,Williams,59,Engineering,80083.19,2021-10-22
57,Jane,Smith,61,Marketing,83150.2,2013-08-17
58,Diana,Brown,41,Engineering,94717.1,2013-03-01
59,Diana,Rodriguez,56,HR,89268.09,2015-01-02
60,Hank,Miller,46,Finance,115511.33,2018-08-08
61,Bob,Jones,56,Sales,115540.13,2019-07-19
62,Diana,Miller,46,Engineering,109375.91,2014-12-16
63,Jane,Davis,50,Operations,90912.29,2018-01-02
64,Hank,Johnson,39,HR,104075.94,2016-01-24
65,Jane,Smith,39,Sales,94173.47,2021-06-18
66,Hank,Smith,23,Finance,85869.36,2011-12-15
67,Bob,Rodriguez,56,Sales,50280.03,2019-11-12
68,Frank,Johnson,37,HR,104896.33,2021-04-27
69,Eve,Garcia,62,IT,105651.16,2019-08-24
70,Grace,Doe,57,IT,90075.17,2021-09-08
71,Frank,Brown,54,Sales,105634.15,2023-01-01
72,Charlie,Smith,25,Marketing,92118.78,2013-05-28
73,Jane,Williams,54,Operations,56534.75,2020-02-27
74,Charlie,Smith,35,Operations,61916.89,2012-12-17
75,Frank,Miller,42,Sales,57167.13,2011-04-01
76,Hank,Smith,41,Engineering,70180.73,2012-06-13
77,Grace,Smith,29,Engineering,43117.05,2013-10-16
78,Grace,Doe,28,Operations,89460.31,2015-05-13
79,John,Doe,24,Operations,66924.34,2018-05-31
80,Grace,Jones,38,IT,92457.81,2015-06-20
81,Eve,Garcia,54,Marketing,70831.73,2021-09-25
82,Grace,Williams,33,HR,94529.09,2011-05-20
83,Frank,Smith,43,Engineering,67249.97,2013-04-29
84,John,Smith,43,Operations,60855.56,2014-03-12
85,Frank,Brown,51,IT,79683.0,2019-06-03
86,Frank,Doe,59,Finance,95431.23,2012-04-03
87,Alice,Williams,59,IT,67866.93,2012-07-17
88,John,Rodriguez,29,Engineering,114931.85,2010-05-14
89,Frank,Jones,48,Engineering,43134.91,2015-10-07
90,Alice,Garcia,48,IT,73435.68,2019-12-07
91,Alice,Johnson,55,HR,117406.44,2015-01-27
92,John,Garcia,42,Sales,83837.75,2021-06-07
93,Charlie,Miller,51,Engineering,73877.68,2018-01-12
94,Hank,Smith,54,IT,85481.62,2018-12-29
95,Eve,Jones,49,Operations,86073.97,2021-10-08
96,Hank,Miller,54,IT,98531.82,2017-09-12
97,Grace,Williams,26,Marketing,50215.18,2013-06-04
98,Eve,Johnson,40,Sales,60001.32,2019-08-14
99,Grace,Doe,25,Finance,86443.52,2013-06-10
100,Frank,Jones,56,HR,109369.33,2019-03-31
